fname,emotion,intensivity,statement,repetition,actor,sex
03-01-01-01-01-01-01,neutral,normal,kids,1,1,male
03-01-01-01-01-01-02,neutral,normal,kids,1,2,female
03-01-01-01-01-01-03,neutral,normal,kids,1,3,male
03-01-01-01-01-01-06,neutral,normal,kids,1,6,female
03-01-01-01-01-01-07,neutral,normal,kids,1,7,male
03-01-01-01-01-01-08,neutral,normal,kids,1,8,female
03-01-01-01-01-01-09,neutral,normal,kids,1,9,male
03-01-01-01-01-01-10,neutral,normal,kids,1,10,female
03-01-01-01-01-01-11,neutral,normal,kids,1,11,male
03-01-01-01-01-01-12,neutral,normal,kids,1,12,female
03-01-01-01-01-01-13,neutral,normal,kids,1,13,male
03-01-01-01-01-01-14,neutral,normal,kids,1,14,female
03-01-01-01-01-01-17,neutral,normal,kids,1,17,male
03-01-01-01-01-01-18,neutral,normal,kids,1,18,female
03-01-01-01-01-01-19,neutral,normal,kids,1,19,male
03-01-01-01-01-01-20,neutral,normal,kids,1,20,female
03-01-01-01-01-01-21,neutral,normal,kids,1,21,male
03-01-01-01-01-01-22,neutral,normal,kids,1,22,female
03-01-01-01-01-01-23,neutral,normal,kids,1,23,male
03-01-01-01-01-01-24,neutral,normal,kids,1,24,female
03-01-01-01-01-02-01,neutral,normal,kids,2,1,male
03-01-01-01-01-02-02,neutral,normal,kids,2,2,female
03-01-01-01-01-02-03,neutral,normal,kids,2,3,male
03-01-01-01-01-02-06,neutral,normal,kids,2,6,female
03-01-01-01-01-02-07,neutral,normal,kids,2,7,male
03-01-01-01-01-02-08,neutral,normal,kids,2,8,female
03-01-01-01-01-02-09,neutral,normal,kids,2,9,male
03-01-01-01-01-02-10,neutral,normal,kids,2,10,female
03-01-01-01-01-02-11,neutral,normal,kids,2,11,male
03-01-01-01-01-02-12,neutral,normal,kids,2,12,female
03-01-01-01-01-02-13,neutral,normal,kids,2,13,male
03-01-01-01-01-02-14,neutral,normal,kids,2,14,female
03-01-01-01-01-02-17,neutral,normal,kids,2,17,male
03-01-01-01-01-02-18,neutral,normal,kids,2,18,female
03-01-01-01-01-02-19,neutral,normal,kids,2,19,male
03-01-01-01-01-02-20,neutral,normal,kids,2,20,female
03-01-01-01-01-02-21,neutral,normal,kids,2,21,male
03-01-01-01-01-02-22,neutral,normal,kids,2,22,female
03-01-01-01-01-02-23,neutral,normal,kids,2,23,male
03-01-01-01-01-02-24,neutral,normal,kids,2,24,female
03-01-01-01-02-01-01,neutral,normal,dogs,1,1,male
03-01-01-01-02-01-02,neutral,normal,dogs,1,2,female
03-01-01-01-02-01-03,neutral,normal,dogs,1,3,male
03-01-01-01-02-01-06,neutral,normal,dogs,1,6,female
03-01-01-01-02-01-07,neutral,normal,dogs,1,7,male
03-01-01-01-02-01-08,neutral,normal,dogs,1,8,female
03-01-01-01-02-01-09,neutral,normal,dogs,1,9,male
03-01-01-01-02-01-10,neutral,normal,dogs,1,10,female
03-01-01-01-02-01-11,neutral,normal,dogs,1,11,male
03-01-01-01-02-01-12,neutral,normal,dogs,1,12,female
03-01-01-01-02-01-13,neutral,normal,dogs,1,13,male
03-01-01-01-02-01-14,neutral,normal,dogs,1,14,female
03-01-01-01-02-01-17,neutral,normal,dogs,1,17,male
03-01-01-01-02-01-18,neutral,normal,dogs,1,18,female
03-01-01-01-02-01-19,neutral,normal,dogs,1,19,male
03-01-01-01-02-01-20,neutral,normal,dogs,1,20,female
03-01-01-01-02-01-21,neutral,normal,dogs,1,21,male
03-01-01-01-02-01-22,neutral,normal,dogs,1,22,female
03-01-01-01-02-01-23,neutral,normal,dogs,1,23,male
03-01-01-01-02-01-24,neutral,normal,dogs,1,24,female
03-01-01-01-02-02-01,neutral,normal,dogs,2,1,male
03-01-01-01-02-02-02,neutral,normal,dogs,2,2,female
03-01-01-01-02-02-03,neutral,normal,dogs,2,3,male
03-01-01-01-02-02-06,neutral,normal,dogs,2,6,female
03-01-01-01-02-02-07,neutral,normal,dogs,2,7,male
03-01-01-01-02-02-08,neutral,normal,dogs,2,8,female
03-01-01-01-02-02-09,neutral,normal,dogs,2,9,male
03-01-01-01-02-02-10,neutral,normal,dogs,2,10,female
03-01-01-01-02-02-11,neutral,normal,dogs,2,11,male
03-01-01-01-02-02-12,neutral,normal,dogs,2,12,female
03-01-01-01-02-02-13,neutral,normal,dogs,2,13,male
03-01-01-01-02-02-14,neutral,normal,dogs,2,14,female
03-01-01-01-02-02-17,neutral,normal,dogs,2,17,male
03-01-01-01-02-02-18,neutral,normal,dogs,2,18,female
03-01-01-01-02-02-19,neutral,normal,dogs,2,19,male
03-01-01-01-02-02-20,neutral,normal,dogs,2,20,female
03-01-01-01-02-02-21,neutral,normal,dogs,2,21,male
03-01-01-01-02-02-22,neutral,normal,dogs,2,22,female
03-01-01-01-02-02-23,neutral,normal,dogs,2,23,male
03-01-01-01-02-02-24,neutral,normal,dogs,2,24,female
03-01-02-01-01-01-01,calm,normal,kids,1,1,male
03-01-02-01-01-01-02,calm,normal,kids,1,2,female
03-01-02-01-01-01-03,calm,normal,kids,1,3,male
03-01-02-01-01-01-06,calm,normal,kids,1,6,female
03-01-02-01-01-01-07,calm,normal,kids,1,7,male
03-01-02-01-01-01-08,calm,normal,kids,1,8,female
03-01-02-01-01-01-09,calm,normal,kids,1,9,male
03-01-02-01-01-01-10,calm,normal,kids,1,10,female
03-01-02-01-01-01-11,calm,normal,kids,1,11,male
03-01-02-01-01-01-12,calm,normal,kids,1,12,female
03-01-02-01-01-01-13,calm,normal,kids,1,13,male
03-01-02-01-01-01-14,calm,normal,kids,1,14,female
03-01-02-01-01-01-17,calm,normal,kids,1,17,male
03-01-02-01-01-01-18,calm,normal,kids,1,18,female
03-01-02-01-01-01-19,calm,normal,kids,1,19,male
03-01-02-01-01-01-20,calm,normal,kids,1,20,female
03-01-02-01-01-01-21,calm,normal,kids,1,21,male
03-01-02-01-01-01-22,calm,normal,kids,1,22,female
03-01-02-01-01-01-23,calm,normal,kids,1,23,male
03-01-02-01-01-01-24,calm,normal,kids,1,24,female
03-01-02-01-01-02-01,calm,normal,kids,2,1,male
03-01-02-01-01-02-02,calm,normal,kids,2,2,female
03-01-02-01-01-02-03,calm,normal,kids,2,3,male
03-01-02-01-01-02-06,calm,normal,kids,2,6,female
03-01-02-01-01-02-07,calm,normal,kids,2,7,male
03-01-02-01-01-02-08,calm,normal,kids,2,8,female
03-01-02-01-01-02-09,calm,normal,kids,2,9,male
03-01-02-01-01-02-10,calm,normal,kids,2,10,female
03-01-02-01-01-02-11,calm,normal,kids,2,11,male
03-01-02-01-01-02-12,calm,normal,kids,2,12,female
03-01-02-01-01-02-13,calm,normal,kids,2,13,male
03-01-02-01-01-02-14,calm,normal,kids,2,14,female
03-01-02-01-01-02-17,calm,normal,kids,2,17,male
03-01-02-01-01-02-18,calm,normal,kids,2,18,female
03-01-02-01-01-02-19,calm,normal,kids,2,19,male
03-01-02-01-01-02-20,calm,normal,kids,2,20,female
03-01-02-01-01-02-21,calm,normal,kids,2,21,male
03-01-02-01-01-02-22,calm,normal,kids,2,22,female
03-01-02-01-01-02-23,calm,normal,kids,2,23,male
03-01-02-01-01-02-24,calm,normal,kids,2,24,female
03-01-02-01-02-01-01,calm,normal,dogs,1,1,male
03-01-02-01-02-01-02,calm,normal,dogs,1,2,female
03-01-02-01-02-01-03,calm,normal,dogs,1,3,male
03-01-02-01-02-01-06,calm,normal,dogs,1,6,female
03-01-02-01-02-01-07,calm,normal,dogs,1,7,male
03-01-02-01-02-01-08,calm,normal,dogs,1,8,female
03-01-02-01-02-01-09,calm,normal,dogs,1,9,male
03-01-02-01-02-01-10,calm,normal,dogs,1,10,female
03-01-02-01-02-01-11,calm,normal,dogs,1,11,male
03-01-02-01-02-01-12,calm,normal,dogs,1,12,female
03-01-02-01-02-01-13,calm,normal,dogs,1,13,male
03-01-02-01-02-01-14,calm,normal,dogs,1,14,female
03-01-02-01-02-01-17,calm,normal,dogs,1,17,male
03-01-02-01-02-01-18,calm,normal,dogs,1,18,female
03-01-02-01-02-01-19,calm,normal,dogs,1,19,male
03-01-02-01-02-01-20,calm,normal,dogs,1,20,female
03-01-02-01-02-01-21,calm,normal,dogs,1,21,male
03-01-02-01-02-01-22,calm,normal,dogs,1,22,female
03-01-02-01-02-01-23,calm,normal,dogs,1,23,male
03-01-02-01-02-01-24,calm,normal,dogs,1,24,female
03-01-02-01-02-02-01,calm,normal,dogs,2,1,male
03-01-02-01-02-02-02,calm,normal,dogs,2,2,female
03-01-02-01-02-02-03,calm,normal,dogs,2,3,male
03-01-02-01-02-02-06,calm,normal,dogs,2,6,female
03-01-02-01-02-02-07,calm,normal,dogs,2,7,male
03-01-02-01-02-02-08,calm,normal,dogs,2,8,female
03-01-02-01-02-02-09,calm,normal,dogs,2,9,male
03-01-02-01-02-02-10,calm,normal,dogs,2,10,female
03-01-02-01-02-02-11,calm,normal,dogs,2,11,male
03-01-02-01-02-02-12,calm,normal,dogs,2,12,female
03-01-02-01-02-02-13,calm,normal,dogs,2,13,male
03-01-02-01-02-02-14,calm,normal,dogs,2,14,female
03-01-02-01-02-02-17,calm,normal,dogs,2,17,male
03-01-02-01-02-02-18,calm,normal,dogs,2,18,female
03-01-02-01-02-02-19,calm,normal,dogs,2,19,male
03-01-02-01-02-02-20,calm,normal,dogs,2,20,female
03-01-02-01-02-02-21,calm,normal,dogs,2,21,male
03-01-02-01-02-02-22,calm,normal,dogs,2,22,female
03-01-02-01-02-02-23,calm,normal,dogs,2,23,male
03-01-02-01-02-02-24,calm,normal,dogs,2,24,female
03-01-02-02-01-01-01,calm,strong,kids,1,1,male
03-01-02-02-01-01-02,calm,strong,kids,1,2,female
03-01-02-02-01-01-03,calm,strong,kids,1,3,male
03-01-02-02-01-01-06,calm,strong,kids,1,6,female
03-01-02-02-01-01-07,calm,strong,kids,1,7,male
03-01-02-02-01-01-08,calm,strong,kids,1,8,female
03-01-02-02-01-01-09,calm,strong,kids,1,9,male
03-01-02-02-01-01-10,calm,strong,kids,1,10,female
03-01-02-02-01-01-11,calm,strong,kids,1,11,male
03-01-02-02-01-01-12,calm,strong,kids,1,12,female
03-01-02-02-01-01-13,calm,strong,kids,1,13,male
03-01-02-02-01-01-14,calm,strong,kids,1,14,female
03-01-02-02-01-01-17,calm,strong,kids,1,17,male
03-01-02-02-01-01-18,calm,strong,kids,1,18,female
03-01-02-02-01-01-19,calm,strong,kids,1,19,male
03-01-02-02-01-01-20,calm,strong,kids,1,20,female
03-01-02-02-01-01-21,calm,strong,kids,1,21,male
03-01-02-02-01-01-22,calm,strong,kids,1,22,female
03-01-02-02-01-01-23,calm,strong,kids,1,23,male
03-01-02-02-01-01-24,calm,strong,kids,1,24,female
03-01-02-02-01-02-01,calm,strong,kids,2,1,male
03-01-02-02-01-02-02,calm,strong,kids,2,2,female
03-01-02-02-01-02-03,calm,strong,kids,2,3,male
03-01-02-02-01-02-06,calm,strong,kids,2,6,female
03-01-02-02-01-02-07,calm,strong,kids,2,7,male
03-01-02-02-01-02-08,calm,strong,kids,2,8,female
03-01-02-02-01-02-09,calm,strong,kids,2,9,male
03-01-02-02-01-02-10,calm,strong,kids,2,10,female
03-01-02-02-01-02-11,calm,strong,kids,2,11,male
03-01-02-02-01-02-12,calm,strong,kids,2,12,female
03-01-02-02-01-02-13,calm,strong,kids,2,13,male
03-01-02-02-01-02-14,calm,strong,kids,2,14,female
03-01-02-02-01-02-17,calm,strong,kids,2,17,male
03-01-02-02-01-02-18,calm,strong,kids,2,18,female
03-01-02-02-01-02-19,calm,strong,kids,2,19,male
03-01-02-02-01-02-20,calm,strong,kids,2,20,female
03-01-02-02-01-02-21,calm,strong,kids,2,21,male
03-01-02-02-01-02-22,calm,strong,kids,2,22,female
03-01-02-02-01-02-23,calm,strong,kids,2,23,male
03-01-02-02-01-02-24,calm,strong,kids,2,24,female
03-01-02-02-02-01-01,calm,strong,dogs,1,1,male
03-01-02-02-02-01-02,calm,strong,dogs,1,2,female
03-01-02-02-02-01-03,calm,strong,dogs,1,3,male
03-01-02-02-02-01-06,calm,strong,dogs,1,6,female
03-01-02-02-02-01-07,calm,strong,dogs,1,7,male
03-01-02-02-02-01-08,calm,strong,dogs,1,8,female
03-01-02-02-02-01-09,calm,strong,dogs,1,9,male
03-01-02-02-02-01-10,calm,strong,dogs,1,10,female
03-01-02-02-02-01-11,calm,strong,dogs,1,11,male
03-01-02-02-02-01-12,calm,strong,dogs,1,12,female
03-01-02-02-02-01-13,calm,strong,dogs,1,13,male
03-01-02-02-02-01-14,calm,strong,dogs,1,14,female
03-01-02-02-02-01-17,calm,strong,dogs,1,17,male
03-01-02-02-02-01-18,calm,strong,dogs,1,18,female
03-01-02-02-02-01-19,calm,strong,dogs,1,19,male
03-01-02-02-02-01-20,calm,strong,dogs,1,20,female
03-01-02-02-02-01-21,calm,strong,dogs,1,21,male
03-01-02-02-02-01-22,calm,strong,dogs,1,22,female
03-01-02-02-02-01-23,calm,strong,dogs,1,23,male
03-01-02-02-02-01-24,calm,strong,dogs,1,24,female
03-01-02-02-02-02-01,calm,strong,dogs,2,1,male
03-01-02-02-02-02-02,calm,strong,dogs,2,2,female
03-01-02-02-02-02-03,calm,strong,dogs,2,3,male
03-01-02-02-02-02-06,calm,strong,dogs,2,6,female
03-01-02-02-02-02-07,calm,strong,dogs,2,7,male
03-01-02-02-02-02-08,calm,strong,dogs,2,8,female
03-01-02-02-02-02-09,calm,strong,dogs,2,9,male
03-01-02-02-02-02-10,calm,strong,dogs,2,10,female
03-01-02-02-02-02-11,calm,strong,dogs,2,11,male
03-01-02-02-02-02-12,calm,strong,dogs,2,12,female
03-01-02-02-02-02-13,calm,strong,dogs,2,13,male
03-01-02-02-02-02-14,calm,strong,dogs,2,14,female
03-01-02-02-02-02-17,calm,strong,dogs,2,17,male
03-01-02-02-02-02-18,calm,strong,dogs,2,18,female
03-01-02-02-02-02-19,calm,strong,dogs,2,19,male
03-01-02-02-02-02-20,calm,strong,dogs,2,20,female
03-01-02-02-02-02-21,calm,strong,dogs,2,21,male
03-01-02-02-02-02-22,calm,strong,dogs,2,22,female
03-01-02-02-02-02-23,calm,strong,dogs,2,23,male
03-01-02-02-02-02-24,calm,strong,dogs,2,24,female
03-01-03-01-01-01-01,happy,normal,kids,1,1,male
03-01-03-01-01-01-02,happy,normal,kids,1,2,female
03-01-03-01-01-01-03,happy,normal,kids,1,3,male
03-01-03-01-01-01-06,happy,normal,kids,1,6,female
03-01-03-01-01-01-07,happy,normal,kids,1,7,male
03-01-03-01-01-01-08,happy,normal,kids,1,8,female
03-01-03-01-01-01-09,happy,normal,kids,1,9,male
03-01-03-01-01-01-10,happy,normal,kids,1,10,female
03-01-03-01-01-01-11,happy,normal,kids,1,11,male
03-01-03-01-01-01-12,happy,normal,kids,1,12,female
03-01-03-01-01-01-13,happy,normal,kids,1,13,male
03-01-03-01-01-01-14,happy,normal,kids,1,14,female
03-01-03-01-01-01-17,happy,normal,kids,1,17,male
03-01-03-01-01-01-18,happy,normal,kids,1,18,female
03-01-03-01-01-01-19,happy,normal,kids,1,19,male
03-01-03-01-01-01-20,happy,normal,kids,1,20,female
03-01-03-01-01-01-21,happy,normal,kids,1,21,male
03-01-03-01-01-01-22,happy,normal,kids,1,22,female
03-01-03-01-01-01-23,happy,normal,kids,1,23,male
03-01-03-01-01-01-24,happy,normal,kids,1,24,female
03-01-03-01-01-02-01,happy,normal,kids,2,1,male
03-01-03-01-01-02-02,happy,normal,kids,2,2,female
03-01-03-01-01-02-03,happy,normal,kids,2,3,male
03-01-03-01-01-02-06,happy,normal,kids,2,6,female
03-01-03-01-01-02-07,happy,normal,kids,2,7,male
03-01-03-01-01-02-08,happy,normal,kids,2,8,female
03-01-03-01-01-02-09,happy,normal,kids,2,9,male
03-01-03-01-01-02-10,happy,normal,kids,2,10,female
03-01-03-01-01-02-11,happy,normal,kids,2,11,male
03-01-03-01-01-02-12,happy,normal,kids,2,12,female
03-01-03-01-01-02-13,happy,normal,kids,2,13,male
03-01-03-01-01-02-14,happy,normal,kids,2,14,female
03-01-03-01-01-02-17,happy,normal,kids,2,17,male
03-01-03-01-01-02-18,happy,normal,kids,2,18,female
03-01-03-01-01-02-19,happy,normal,kids,2,19,male
03-01-03-01-01-02-20,happy,normal,kids,2,20,female
03-01-03-01-01-02-21,happy,normal,kids,2,21,male
03-01-03-01-01-02-22,happy,normal,kids,2,22,female
03-01-03-01-01-02-23,happy,normal,kids,2,23,male
03-01-03-01-01-02-24,happy,normal,kids,2,24,female
03-01-03-01-02-01-01,happy,normal,dogs,1,1,male
03-01-03-01-02-01-02,happy,normal,dogs,1,2,female
03-01-03-01-02-01-03,happy,normal,dogs,1,3,male
03-01-03-01-02-01-06,happy,normal,dogs,1,6,female
03-01-03-01-02-01-07,happy,normal,dogs,1,7,male
03-01-03-01-02-01-08,happy,normal,dogs,1,8,female
03-01-03-01-02-01-09,happy,normal,dogs,1,9,male
03-01-03-01-02-01-10,happy,normal,dogs,1,10,female
03-01-03-01-02-01-11,happy,normal,dogs,1,11,male
03-01-03-01-02-01-12,happy,normal,dogs,1,12,female
03-01-03-01-02-01-13,happy,normal,dogs,1,13,male
03-01-03-01-02-01-14,happy,normal,dogs,1,14,female
03-01-03-01-02-01-17,happy,normal,dogs,1,17,male
03-01-03-01-02-01-18,happy,normal,dogs,1,18,female
03-01-03-01-02-01-19,happy,normal,dogs,1,19,male
03-01-03-01-02-01-20,happy,normal,dogs,1,20,female
03-01-03-01-02-01-21,happy,normal,dogs,1,21,male
03-01-03-01-02-01-22,happy,normal,dogs,1,22,female
03-01-03-01-02-01-23,happy,normal,dogs,1,23,male
03-01-03-01-02-01-24,happy,normal,dogs,1,24,female
03-01-03-01-02-02-01,happy,normal,dogs,2,1,male
03-01-03-01-02-02-02,happy,normal,dogs,2,2,female
03-01-03-01-02-02-03,happy,normal,dogs,2,3,male
03-01-03-01-02-02-06,happy,normal,dogs,2,6,female
03-01-03-01-02-02-07,happy,normal,dogs,2,7,male
03-01-03-01-02-02-08,happy,normal,dogs,2,8,female
03-01-03-01-02-02-09,happy,normal,dogs,2,9,male
03-01-03-01-02-02-10,happy,normal,dogs,2,10,female
03-01-03-01-02-02-11,happy,normal,dogs,2,11,male
03-01-03-01-02-02-12,happy,normal,dogs,2,12,female
03-01-03-01-02-02-13,happy,normal,dogs,2,13,male
03-01-03-01-02-02-14,happy,normal,dogs,2,14,female
03-01-03-01-02-02-17,happy,normal,dogs,2,17,male
03-01-03-01-02-02-18,happy,normal,dogs,2,18,female
03-01-03-01-02-02-19,happy,normal,dogs,2,19,male
03-01-03-01-02-02-20,happy,normal,dogs,2,20,female
03-01-03-01-02-02-21,happy,normal,dogs,2,21,male
03-01-03-01-02-02-22,happy,normal,dogs,2,22,female
03-01-03-01-02-02-23,happy,normal,dogs,2,23,male
03-01-03-01-02-02-24,happy,normal,dogs,2,24,female
03-01-03-02-01-01-01,happy,strong,kids,1,1,male
03-01-03-02-01-01-02,happy,strong,kids,1,2,female
03-01-03-02-01-01-03,happy,strong,kids,1,3,male
03-01-03-02-01-01-06,happy,strong,kids,1,6,female
03-01-03-02-01-01-07,happy,strong,kids,1,7,male
03-01-03-02-01-01-08,happy,strong,kids,1,8,female
03-01-03-02-01-01-09,happy,strong,kids,1,9,male
03-01-03-02-01-01-10,happy,strong,kids,1,10,female
03-01-03-02-01-01-11,happy,strong,kids,1,11,male
03-01-03-02-01-01-12,happy,strong,kids,1,12,female
03-01-03-02-01-01-13,happy,strong,kids,1,13,male
03-01-03-02-01-01-14,happy,strong,kids,1,14,female
03-01-03-02-01-01-17,happy,strong,kids,1,17,male
03-01-03-02-01-01-18,happy,strong,kids,1,18,female
03-01-03-02-01-01-19,happy,strong,kids,1,19,male
03-01-03-02-01-01-20,happy,strong,kids,1,20,female
03-01-03-02-01-01-21,happy,strong,kids,1,21,male
03-01-03-02-01-01-22,happy,strong,kids,1,22,female
03-01-03-02-01-01-23,happy,strong,kids,1,23,male
03-01-03-02-01-01-24,happy,strong,kids,1,24,female
03-01-03-02-01-02-01,happy,strong,kids,2,1,male
03-01-03-02-01-02-02,happy,strong,kids,2,2,female
03-01-03-02-01-02-03,happy,strong,kids,2,3,male
03-01-03-02-01-02-06,happy,strong,kids,2,6,female
03-01-03-02-01-02-07,happy,strong,kids,2,7,male
03-01-03-02-01-02-08,happy,strong,kids,2,8,female
03-01-03-02-01-02-09,happy,strong,kids,2,9,male
03-01-03-02-01-02-10,happy,strong,kids,2,10,female
03-01-03-02-01-02-11,happy,strong,kids,2,11,male
03-01-03-02-01-02-12,happy,strong,kids,2,12,female
03-01-03-02-01-02-13,happy,strong,kids,2,13,male
03-01-03-02-01-02-14,happy,strong,kids,2,14,female
03-01-03-02-01-02-17,happy,strong,kids,2,17,male
03-01-03-02-01-02-18,happy,strong,kids,2,18,female
03-01-03-02-01-02-19,happy,strong,kids,2,19,male
03-01-03-02-01-02-20,happy,strong,kids,2,20,female
03-01-03-02-01-02-21,happy,strong,kids,2,21,male
03-01-03-02-01-02-22,happy,strong,kids,2,22,female
03-01-03-02-01-02-23,happy,strong,kids,2,23,male
03-01-03-02-01-02-24,happy,strong,kids,2,24,female
03-01-03-02-02-01-01,happy,strong,dogs,1,1,male
03-01-03-02-02-01-02,happy,strong,dogs,1,2,female
03-01-03-02-02-01-03,happy,strong,dogs,1,3,male
03-01-03-02-02-01-06,happy,strong,dogs,1,6,female
03-01-03-02-02-01-07,happy,strong,dogs,1,7,male
03-01-03-02-02-01-08,happy,strong,dogs,1,8,female
03-01-03-02-02-01-09,happy,strong,dogs,1,9,male
03-01-03-02-02-01-10,happy,strong,dogs,1,10,female
03-01-03-02-02-01-11,happy,strong,dogs,1,11,male
03-01-03-02-02-01-12,happy,strong,dogs,1,12,female
03-01-03-02-02-01-13,happy,strong,dogs,1,13,male
03-01-03-02-02-01-14,happy,strong,dogs,1,14,female
03-01-03-02-02-01-17,happy,strong,dogs,1,17,male
03-01-03-02-02-01-18,happy,strong,dogs,1,18,female
03-01-03-02-02-01-19,happy,strong,dogs,1,19,male
03-01-03-02-02-01-20,happy,strong,dogs,1,20,female
03-01-03-02-02-01-21,happy,strong,dogs,1,21,male
03-01-03-02-02-01-22,happy,strong,dogs,1,22,female
03-01-03-02-02-01-23,happy,strong,dogs,1,23,male
03-01-03-02-02-01-24,happy,strong,dogs,1,24,female
03-01-03-02-02-02-01,happy,strong,dogs,2,1,male
03-01-03-02-02-02-02,happy,strong,dogs,2,2,female
03-01-03-02-02-02-03,happy,strong,dogs,2,3,male
03-01-03-02-02-02-06,happy,strong,dogs,2,6,female
03-01-03-02-02-02-07,happy,strong,dogs,2,7,male
03-01-03-02-02-02-08,happy,strong,dogs,2,8,female
03-01-03-02-02-02-09,happy,strong,dogs,2,9,male
03-01-03-02-02-02-10,happy,strong,dogs,2,10,female
03-01-03-02-02-02-11,happy,strong,dogs,2,11,male
03-01-03-02-02-02-12,happy,strong,dogs,2,12,female
03-01-03-02-02-02-13,happy,strong,dogs,2,13,male
03-01-03-02-02-02-14,happy,strong,dogs,2,14,female
03-01-03-02-02-02-17,happy,strong,dogs,2,17,male
03-01-03-02-02-02-18,happy,strong,dogs,2,18,female
03-01-03-02-02-02-19,happy,strong,dogs,2,19,male
03-01-03-02-02-02-20,happy,strong,dogs,2,20,female
03-01-03-02-02-02-21,happy,strong,dogs,2,21,male
03-01-03-02-02-02-22,happy,strong,dogs,2,22,female
03-01-03-02-02-02-23,happy,strong,dogs,2,23,male
03-01-03-02-02-02-24,happy,strong,dogs,2,24,female
03-01-04-01-01-01-01,sad,normal,kids,1,1,male
03-01-04-01-01-01-02,sad,normal,kids,1,2,female
03-01-04-01-01-01-03,sad,normal,kids,1,3,male
03-01-04-01-01-01-06,sad,normal,kids,1,6,female
03-01-04-01-01-01-07,sad,normal,kids,1,7,male
03-01-04-01-01-01-08,sad,normal,kids,1,8,female
03-01-04-01-01-01-09,sad,normal,kids,1,9,male
03-01-04-01-01-01-10,sad,normal,kids,1,10,female
03-01-04-01-01-01-11,sad,normal,kids,1,11,male
03-01-04-01-01-01-12,sad,normal,kids,1,12,female
03-01-04-01-01-01-13,sad,normal,kids,1,13,male
03-01-04-01-01-01-14,sad,normal,kids,1,14,female
03-01-04-01-01-01-17,sad,normal,kids,1,17,male
03-01-04-01-01-01-18,sad,normal,kids,1,18,female
03-01-04-01-01-01-19,sad,normal,kids,1,19,male
03-01-04-01-01-01-20,sad,normal,kids,1,20,female
03-01-04-01-01-01-21,sad,normal,kids,1,21,male
03-01-04-01-01-01-22,sad,normal,kids,1,22,female
03-01-04-01-01-01-23,sad,normal,kids,1,23,male
03-01-04-01-01-01-24,sad,normal,kids,1,24,female
03-01-04-01-01-02-01,sad,normal,kids,2,1,male
03-01-04-01-01-02-02,sad,normal,kids,2,2,female
03-01-04-01-01-02-03,sad,normal,kids,2,3,male
03-01-04-01-01-02-06,sad,normal,kids,2,6,female
03-01-04-01-01-02-07,sad,normal,kids,2,7,male
03-01-04-01-01-02-08,sad,normal,kids,2,8,female
03-01-04-01-01-02-09,sad,normal,kids,2,9,male
03-01-04-01-01-02-10,sad,normal,kids,2,10,female
03-01-04-01-01-02-11,sad,normal,kids,2,11,male
03-01-04-01-01-02-12,sad,normal,kids,2,12,female
03-01-04-01-01-02-13,sad,normal,kids,2,13,male
03-01-04-01-01-02-14,sad,normal,kids,2,14,female
03-01-04-01-01-02-17,sad,normal,kids,2,17,male
03-01-04-01-01-02-18,sad,normal,kids,2,18,female
03-01-04-01-01-02-19,sad,normal,kids,2,19,male
03-01-04-01-01-02-20,sad,normal,kids,2,20,female
03-01-04-01-01-02-21,sad,normal,kids,2,21,male
03-01-04-01-01-02-22,sad,normal,kids,2,22,female
03-01-04-01-01-02-23,sad,normal,kids,2,23,male
03-01-04-01-01-02-24,sad,normal,kids,2,24,female
03-01-04-01-02-01-01,sad,normal,dogs,1,1,male
03-01-04-01-02-01-02,sad,normal,dogs,1,2,female
03-01-04-01-02-01-03,sad,normal,dogs,1,3,male
03-01-04-01-02-01-06,sad,normal,dogs,1,6,female
03-01-04-01-02-01-07,sad,normal,dogs,1,7,male
03-01-04-01-02-01-08,sad,normal,dogs,1,8,female
03-01-04-01-02-01-09,sad,normal,dogs,1,9,male
03-01-04-01-02-01-10,sad,normal,dogs,1,10,female
03-01-04-01-02-01-11,sad,normal,dogs,1,11,male
03-01-04-01-02-01-12,sad,normal,dogs,1,12,female
03-01-04-01-02-01-13,sad,normal,dogs,1,13,male
03-01-04-01-02-01-14,sad,normal,dogs,1,14,female
03-01-04-01-02-01-17,sad,normal,dogs,1,17,male
03-01-04-01-02-01-18,sad,normal,dogs,1,18,female
03-01-04-01-02-01-19,sad,normal,dogs,1,19,male
03-01-04-01-02-01-20,sad,normal,dogs,1,20,female
03-01-04-01-02-01-21,sad,normal,dogs,1,21,male
03-01-04-01-02-01-22,sad,normal,dogs,1,22,female
03-01-04-01-02-01-23,sad,normal,dogs,1,23,male
03-01-04-01-02-01-24,sad,normal,dogs,1,24,female
03-01-04-01-02-02-01,sad,normal,dogs,2,1,male
03-01-04-01-02-02-02,sad,normal,dogs,2,2,female
03-01-04-01-02-02-03,sad,normal,dogs,2,3,male
03-01-04-01-02-02-06,sad,normal,dogs,2,6,female
03-01-04-01-02-02-07,sad,normal,dogs,2,7,male
03-01-04-01-02-02-08,sad,normal,dogs,2,8,female
03-01-04-01-02-02-09,sad,normal,dogs,2,9,male
03-01-04-01-02-02-10,sad,normal,dogs,2,10,female
03-01-04-01-02-02-11,sad,normal,dogs,2,11,male
03-01-04-01-02-02-12,sad,normal,dogs,2,12,female
03-01-04-01-02-02-13,sad,normal,dogs,2,13,male
03-01-04-01-02-02-14,sad,normal,dogs,2,14,female
03-01-04-01-02-02-17,sad,normal,dogs,2,17,male
03-01-04-01-02-02-18,sad,normal,dogs,2,18,female
03-01-04-01-02-02-19,sad,normal,dogs,2,19,male
03-01-04-01-02-02-20,sad,normal,dogs,2,20,female
03-01-04-01-02-02-21,sad,normal,dogs,2,21,male
03-01-04-01-02-02-22,sad,normal,dogs,2,22,female
03-01-04-01-02-02-23,sad,normal,dogs,2,23,male
03-01-04-01-02-02-24,sad,normal,dogs,2,24,female
03-01-04-02-01-01-01,sad,strong,kids,1,1,male
03-01-04-02-01-01-02,sad,strong,kids,1,2,female
03-01-04-02-01-01-03,sad,strong,kids,1,3,male
03-01-04-02-01-01-06,sad,strong,kids,1,6,female
03-01-04-02-01-01-07,sad,strong,kids,1,7,male
03-01-04-02-01-01-08,sad,strong,kids,1,8,female
03-01-04-02-01-01-09,sad,strong,kids,1,9,male
03-01-04-02-01-01-10,sad,strong,kids,1,10,female
03-01-04-02-01-01-11,sad,strong,kids,1,11,male
03-01-04-02-01-01-12,sad,strong,kids,1,12,female
03-01-04-02-01-01-13,sad,strong,kids,1,13,male
03-01-04-02-01-01-14,sad,strong,kids,1,14,female
03-01-04-02-01-01-17,sad,strong,kids,1,17,male
03-01-04-02-01-01-18,sad,strong,kids,1,18,female
03-01-04-02-01-01-19,sad,strong,kids,1,19,male
03-01-04-02-01-01-20,sad,strong,kids,1,20,female
03-01-04-02-01-01-21,sad,strong,kids,1,21,male
03-01-04-02-01-01-22,sad,strong,kids,1,22,female
03-01-04-02-01-01-23,sad,strong,kids,1,23,male
03-01-04-02-01-01-24,sad,strong,kids,1,24,female
03-01-04-02-01-02-01,sad,strong,kids,2,1,male
03-01-04-02-01-02-02,sad,strong,kids,2,2,female
03-01-04-02-01-02-03,sad,strong,kids,2,3,male
03-01-04-02-01-02-06,sad,strong,kids,2,6,female
03-01-04-02-01-02-07,sad,strong,kids,2,7,male
03-01-04-02-01-02-08,sad,strong,kids,2,8,female
03-01-04-02-01-02-09,sad,strong,kids,2,9,male
03-01-04-02-01-02-10,sad,strong,kids,2,10,female
03-01-04-02-01-02-11,sad,strong,kids,2,11,male
03-01-04-02-01-02-12,sad,strong,kids,2,12,female
03-01-04-02-01-02-13,sad,strong,kids,2,13,male
03-01-04-02-01-02-14,sad,strong,kids,2,14,female
03-01-04-02-01-02-17,sad,strong,kids,2,17,male
03-01-04-02-01-02-18,sad,strong,kids,2,18,female
03-01-04-02-01-02-19,sad,strong,kids,2,19,male
03-01-04-02-01-02-20,sad,strong,kids,2,20,female
03-01-04-02-01-02-21,sad,strong,kids,2,21,male
03-01-04-02-01-02-22,sad,strong,kids,2,22,female
03-01-04-02-01-02-23,sad,strong,kids,2,23,male
03-01-04-02-01-02-24,sad,strong,kids,2,24,female
03-01-04-02-02-01-01,sad,strong,dogs,1,1,male
03-01-04-02-02-01-02,sad,strong,dogs,1,2,female
03-01-04-02-02-01-03,sad,strong,dogs,1,3,male
03-01-04-02-02-01-06,sad,strong,dogs,1,6,female
03-01-04-02-02-01-07,sad,strong,dogs,1,7,male
03-01-04-02-02-01-08,sad,strong,dogs,1,8,female
03-01-04-02-02-01-09,sad,strong,dogs,1,9,male
03-01-04-02-02-01-10,sad,strong,dogs,1,10,female
03-01-04-02-02-01-11,sad,strong,dogs,1,11,male
03-01-04-02-02-01-12,sad,strong,dogs,1,12,female
03-01-04-02-02-01-13,sad,strong,dogs,1,13,male
03-01-04-02-02-01-14,sad,strong,dogs,1,14,female
03-01-04-02-02-01-17,sad,strong,dogs,1,17,male
03-01-04-02-02-01-18,sad,strong,dogs,1,18,female
03-01-04-02-02-01-19,sad,strong,dogs,1,19,male
03-01-04-02-02-01-20,sad,strong,dogs,1,20,female
03-01-04-02-02-01-21,sad,strong,dogs,1,21,male
03-01-04-02-02-01-22,sad,strong,dogs,1,22,female
03-01-04-02-02-01-23,sad,strong,dogs,1,23,male
03-01-04-02-02-01-24,sad,strong,dogs,1,24,female
03-01-04-02-02-02-01,sad,strong,dogs,2,1,male
03-01-04-02-02-02-02,sad,strong,dogs,2,2,female
03-01-04-02-02-02-03,sad,strong,dogs,2,3,male
03-01-04-02-02-02-06,sad,strong,dogs,2,6,female
03-01-04-02-02-02-07,sad,strong,dogs,2,7,male
03-01-04-02-02-02-08,sad,strong,dogs,2,8,female
03-01-04-02-02-02-09,sad,strong,dogs,2,9,male
03-01-04-02-02-02-10,sad,strong,dogs,2,10,female
03-01-04-02-02-02-11,sad,strong,dogs,2,11,male
03-01-04-02-02-02-12,sad,strong,dogs,2,12,female
03-01-04-02-02-02-13,sad,strong,dogs,2,13,male
03-01-04-02-02-02-14,sad,strong,dogs,2,14,female
03-01-04-02-02-02-17,sad,strong,dogs,2,17,male
03-01-04-02-02-02-18,sad,strong,dogs,2,18,female
03-01-04-02-02-02-19,sad,strong,dogs,2,19,male
03-01-04-02-02-02-20,sad,strong,dogs,2,20,female
03-01-04-02-02-02-21,sad,strong,dogs,2,21,male
03-01-04-02-02-02-22,sad,strong,dogs,2,22,female
03-01-04-02-02-02-23,sad,strong,dogs,2,23,male
03-01-04-02-02-02-24,sad,strong,dogs,2,24,female
03-01-05-01-01-01-01,angry,normal,kids,1,1,male
03-01-05-01-01-01-02,angry,normal,kids,1,2,female
03-01-05-01-01-01-03,angry,normal,kids,1,3,male
03-01-05-01-01-01-06,angry,normal,kids,1,6,female
03-01-05-01-01-01-07,angry,normal,kids,1,7,male
03-01-05-01-01-01-08,angry,normal,kids,1,8,female
03-01-05-01-01-01-09,angry,normal,kids,1,9,male
03-01-05-01-01-01-10,angry,normal,kids,1,10,female
03-01-05-01-01-01-11,angry,normal,kids,1,11,male
03-01-05-01-01-01-12,angry,normal,kids,1,12,female
03-01-05-01-01-01-13,angry,normal,kids,1,13,male
03-01-05-01-01-01-14,angry,normal,kids,1,14,female
03-01-05-01-01-01-17,angry,normal,kids,1,17,male
03-01-05-01-01-01-18,angry,normal,kids,1,18,female
03-01-05-01-01-01-19,angry,normal,kids,1,19,male
03-01-05-01-01-01-20,angry,normal,kids,1,20,female
03-01-05-01-01-01-21,angry,normal,kids,1,21,male
03-01-05-01-01-01-22,angry,normal,kids,1,22,female
03-01-05-01-01-01-23,angry,normal,kids,1,23,male
03-01-05-01-01-01-24,angry,normal,kids,1,24,female
03-01-05-01-01-02-01,angry,normal,kids,2,1,male
03-01-05-01-01-02-02,angry,normal,kids,2,2,female
03-01-05-01-01-02-03,angry,normal,kids,2,3,male
03-01-05-01-01-02-06,angry,normal,kids,2,6,female
03-01-05-01-01-02-07,angry,normal,kids,2,7,male
03-01-05-01-01-02-08,angry,normal,kids,2,8,female
03-01-05-01-01-02-09,angry,normal,kids,2,9,male
03-01-05-01-01-02-10,angry,normal,kids,2,10,female
03-01-05-01-01-02-11,angry,normal,kids,2,11,male
03-01-05-01-01-02-12,angry,normal,kids,2,12,female
03-01-05-01-01-02-13,angry,normal,kids,2,13,male
03-01-05-01-01-02-14,angry,normal,kids,2,14,female
03-01-05-01-01-02-17,angry,normal,kids,2,17,male
03-01-05-01-01-02-18,angry,normal,kids,2,18,female
03-01-05-01-01-02-19,angry,normal,kids,2,19,male
03-01-05-01-01-02-20,angry,normal,kids,2,20,female
03-01-05-01-01-02-21,angry,normal,kids,2,21,male
03-01-05-01-01-02-22,angry,normal,kids,2,22,female
03-01-05-01-01-02-23,angry,normal,kids,2,23,male
03-01-05-01-01-02-24,angry,normal,kids,2,24,female
03-01-05-01-02-01-01,angry,normal,dogs,1,1,male
03-01-05-01-02-01-02,angry,normal,dogs,1,2,female
03-01-05-01-02-01-03,angry,normal,dogs,1,3,male
03-01-05-01-02-01-06,angry,normal,dogs,1,6,female
03-01-05-01-02-01-07,angry,normal,dogs,1,7,male
03-01-05-01-02-01-08,angry,normal,dogs,1,8,female
03-01-05-01-02-01-09,angry,normal,dogs,1,9,male
03-01-05-01-02-01-10,angry,normal,dogs,1,10,female
03-01-05-01-02-01-11,angry,normal,dogs,1,11,male
03-01-05-01-02-01-12,angry,normal,dogs,1,12,female
03-01-05-01-02-01-13,angry,normal,dogs,1,13,male
03-01-05-01-02-01-14,angry,normal,dogs,1,14,female
03-01-05-01-02-01-17,angry,normal,dogs,1,17,male
03-01-05-01-02-01-18,angry,normal,dogs,1,18,female
03-01-05-01-02-01-19,angry,normal,dogs,1,19,male
03-01-05-01-02-01-20,angry,normal,dogs,1,20,female
03-01-05-01-02-01-21,angry,normal,dogs,1,21,male
03-01-05-01-02-01-22,angry,normal,dogs,1,22,female
03-01-05-01-02-01-23,angry,normal,dogs,1,23,male
03-01-05-01-02-01-24,angry,normal,dogs,1,24,female
03-01-05-01-02-02-01,angry,normal,dogs,2,1,male
03-01-05-01-02-02-02,angry,normal,dogs,2,2,female
03-01-05-01-02-02-03,angry,normal,dogs,2,3,male
03-01-05-01-02-02-06,angry,normal,dogs,2,6,female
03-01-05-01-02-02-07,angry,normal,dogs,2,7,male
03-01-05-01-02-02-08,angry,normal,dogs,2,8,female
03-01-05-01-02-02-09,angry,normal,dogs,2,9,male
03-01-05-01-02-02-10,angry,normal,dogs,2,10,female
03-01-05-01-02-02-11,angry,normal,dogs,2,11,male
03-01-05-01-02-02-12,angry,normal,dogs,2,12,female
03-01-05-01-02-02-13,angry,normal,dogs,2,13,male
03-01-05-01-02-02-14,angry,normal,dogs,2,14,female
03-01-05-01-02-02-17,angry,normal,dogs,2,17,male
03-01-05-01-02-02-18,angry,normal,dogs,2,18,female
03-01-05-01-02-02-19,angry,normal,dogs,2,19,male
03-01-05-01-02-02-20,angry,normal,dogs,2,20,female
03-01-05-01-02-02-21,angry,normal,dogs,2,21,male
03-01-05-01-02-02-22,angry,normal,dogs,2,22,female
03-01-05-01-02-02-23,angry,normal,dogs,2,23,male
03-01-05-01-02-02-24,angry,normal,dogs,2,24,female
03-01-05-02-01-01-01,angry,strong,kids,1,1,male
03-01-05-02-01-01-02,angry,strong,kids,1,2,female
03-01-05-02-01-01-03,angry,strong,kids,1,3,male
03-01-05-02-01-01-06,angry,strong,kids,1,6,female
03-01-05-02-01-01-07,angry,strong,kids,1,7,male
03-01-05-02-01-01-08,angry,strong,kids,1,8,female
03-01-05-02-01-01-09,angry,strong,kids,1,9,male
03-01-05-02-01-01-10,angry,strong,kids,1,10,female
03-01-05-02-01-01-11,angry,strong,kids,1,11,male
03-01-05-02-01-01-12,angry,strong,kids,1,12,female
03-01-05-02-01-01-13,angry,strong,kids,1,13,male
03-01-05-02-01-01-14,angry,strong,kids,1,14,female
03-01-05-02-01-01-17,angry,strong,kids,1,17,male
03-01-05-02-01-01-18,angry,strong,kids,1,18,female
03-01-05-02-01-01-19,angry,strong,kids,1,19,male
03-01-05-02-01-01-20,angry,strong,kids,1,20,female
03-01-05-02-01-01-21,angry,strong,kids,1,21,male
03-01-05-02-01-01-22,angry,strong,kids,1,22,female
03-01-05-02-01-01-23,angry,strong,kids,1,23,male
03-01-05-02-01-01-24,angry,strong,kids,1,24,female
03-01-05-02-01-02-01,angry,strong,kids,2,1,male
03-01-05-02-01-02-02,angry,strong,kids,2,2,female
03-01-05-02-01-02-03,angry,strong,kids,2,3,male
03-01-05-02-01-02-06,angry,strong,kids,2,6,female
03-01-05-02-01-02-07,angry,strong,kids,2,7,male
03-01-05-02-01-02-08,angry,strong,kids,2,8,female
03-01-05-02-01-02-09,angry,strong,kids,2,9,male
03-01-05-02-01-02-10,angry,strong,kids,2,10,female
03-01-05-02-01-02-11,angry,strong,kids,2,11,male
03-01-05-02-01-02-12,angry,strong,kids,2,12,female
03-01-05-02-01-02-13,angry,strong,kids,2,13,male
03-01-05-02-01-02-14,angry,strong,kids,2,14,female
03-01-05-02-01-02-17,angry,strong,kids,2,17,male
03-01-05-02-01-02-18,angry,strong,kids,2,18,female
03-01-05-02-01-02-19,angry,strong,kids,2,19,male
03-01-05-02-01-02-20,angry,strong,kids,2,20,female
03-01-05-02-01-02-21,angry,strong,kids,2,21,male
03-01-05-02-01-02-22,angry,strong,kids,2,22,female
03-01-05-02-01-02-23,angry,strong,kids,2,23,male
03-01-05-02-01-02-24,angry,strong,kids,2,24,female
03-01-05-02-02-01-01,angry,strong,dogs,1,1,male
03-01-05-02-02-01-02,angry,strong,dogs,1,2,female
03-01-05-02-02-01-03,angry,strong,dogs,1,3,male
03-01-05-02-02-01-06,angry,strong,dogs,1,6,female
03-01-05-02-02-01-07,angry,strong,dogs,1,7,male
03-01-05-02-02-01-08,angry,strong,dogs,1,8,female
03-01-05-02-02-01-09,angry,strong,dogs,1,9,male
03-01-05-02-02-01-10,angry,strong,dogs,1,10,female
03-01-05-02-02-01-11,angry,strong,dogs,1,11,male
03-01-05-02-02-01-12,angry,strong,dogs,1,12,female
03-01-05-02-02-01-13,angry,strong,dogs,1,13,male
03-01-05-02-02-01-14,angry,strong,dogs,1,14,female
03-01-05-02-02-01-17,angry,strong,dogs,1,17,male
03-01-05-02-02-01-18,angry,strong,dogs,1,18,female
03-01-05-02-02-01-19,angry,strong,dogs,1,19,male
03-01-05-02-02-01-20,angry,strong,dogs,1,20,female
03-01-05-02-02-01-21,angry,strong,dogs,1,21,male
03-01-05-02-02-01-22,angry,strong,dogs,1,22,female
03-01-05-02-02-01-23,angry,strong,dogs,1,23,male
03-01-05-02-02-01-24,angry,strong,dogs,1,24,female
03-01-05-02-02-02-01,angry,strong,dogs,2,1,male
03-01-05-02-02-02-02,angry,strong,dogs,2,2,female
03-01-05-02-02-02-03,angry,strong,dogs,2,3,male
03-01-05-02-02-02-06,angry,strong,dogs,2,6,female
03-01-05-02-02-02-07,angry,strong,dogs,2,7,male
03-01-05-02-02-02-08,angry,strong,dogs,2,8,female
03-01-05-02-02-02-09,angry,strong,dogs,2,9,male
03-01-05-02-02-02-10,angry,strong,dogs,2,10,female
03-01-05-02-02-02-11,angry,strong,dogs,2,11,male
03-01-05-02-02-02-12,angry,strong,dogs,2,12,female
03-01-05-02-02-02-13,angry,strong,dogs,2,13,male
03-01-05-02-02-02-14,angry,strong,dogs,2,14,female
03-01-05-02-02-02-17,angry,strong,dogs,2,17,male
03-01-05-02-02-02-18,angry,strong,dogs,2,18,female
03-01-05-02-02-02-19,angry,strong,dogs,2,19,male
03-01-05-02-02-02-20,angry,strong,dogs,2,20,female
03-01-05-02-02-02-21,angry,strong,dogs,2,21,male
03-01-05-02-02-02-22,angry,strong,dogs,2,22,female
03-01-05-02-02-02-23,angry,strong,dogs,2,23,male
03-01-05-02-02-02-24,angry,strong,dogs,2,24,female
03-01-06-01-01-01-01,fearful,normal,kids,1,1,male
03-01-06-01-01-01-02,fearful,normal,kids,1,2,female
03-01-06-01-01-01-03,fearful,normal,kids,1,3,male
03-01-06-01-01-01-06,fearful,normal,kids,1,6,female
03-01-06-01-01-01-07,fearful,normal,kids,1,7,male
03-01-06-01-01-01-08,fearful,normal,kids,1,8,female
03-01-06-01-01-01-09,fearful,normal,kids,1,9,male
03-01-06-01-01-01-10,fearful,normal,kids,1,10,female
03-01-06-01-01-01-11,fearful,normal,kids,1,11,male
03-01-06-01-01-01-12,fearful,normal,kids,1,12,female
03-01-06-01-01-01-13,fearful,normal,kids,1,13,male
03-01-06-01-01-01-14,fearful,normal,kids,1,14,female
03-01-06-01-01-01-17,fearful,normal,kids,1,17,male
03-01-06-01-01-01-18,fearful,normal,kids,1,18,female
03-01-06-01-01-01-19,fearful,normal,kids,1,19,male
03-01-06-01-01-01-20,fearful,normal,kids,1,20,female
03-01-06-01-01-01-21,fearful,normal,kids,1,21,male
03-01-06-01-01-01-22,fearful,normal,kids,1,22,female
03-01-06-01-01-01-23,fearful,normal,kids,1,23,male
03-01-06-01-01-01-24,fearful,normal,kids,1,24,female
03-01-06-01-01-02-01,fearful,normal,kids,2,1,male
03-01-06-01-01-02-02,fearful,normal,kids,2,2,female
03-01-06-01-01-02-03,fearful,normal,kids,2,3,male
03-01-06-01-01-02-06,fearful,normal,kids,2,6,female
03-01-06-01-01-02-07,fearful,normal,kids,2,7,male
03-01-06-01-01-02-08,fearful,normal,kids,2,8,female
03-01-06-01-01-02-09,fearful,normal,kids,2,9,male
03-01-06-01-01-02-10,fearful,normal,kids,2,10,female
03-01-06-01-01-02-11,fearful,normal,kids,2,11,male
03-01-06-01-01-02-12,fearful,normal,kids,2,12,female
03-01-06-01-01-02-13,fearful,normal,kids,2,13,male
03-01-06-01-01-02-14,fearful,normal,kids,2,14,female
03-01-06-01-01-02-17,fearful,normal,kids,2,17,male
03-01-06-01-01-02-18,fearful,normal,kids,2,18,female
03-01-06-01-01-02-19,fearful,normal,kids,2,19,male
03-01-06-01-01-02-20,fearful,normal,kids,2,20,female
03-01-06-01-01-02-21,fearful,normal,kids,2,21,male
03-01-06-01-01-02-22,fearful,normal,kids,2,22,female
03-01-06-01-01-02-23,fearful,normal,kids,2,23,male
03-01-06-01-01-02-24,fearful,normal,kids,2,24,female
03-01-06-01-02-01-01,fearful,normal,dogs,1,1,male
03-01-06-01-02-01-02,fearful,normal,dogs,1,2,female
03-01-06-01-02-01-03,fearful,normal,dogs,1,3,male
03-01-06-01-02-01-06,fearful,normal,dogs,1,6,female
03-01-06-01-02-01-07,fearful,normal,dogs,1,7,male
03-01-06-01-02-01-08,fearful,normal,dogs,1,8,female
03-01-06-01-02-01-09,fearful,normal,dogs,1,9,male
03-01-06-01-02-01-10,fearful,normal,dogs,1,10,female
03-01-06-01-02-01-11,fearful,normal,dogs,1,11,male
03-01-06-01-02-01-12,fearful,normal,dogs,1,12,female
03-01-06-01-02-01-13,fearful,normal,dogs,1,13,male
03-01-06-01-02-01-14,fearful,normal,dogs,1,14,female
03-01-06-01-02-01-17,fearful,normal,dogs,1,17,male
03-01-06-01-02-01-18,fearful,normal,dogs,1,18,female
03-01-06-01-02-01-19,fearful,normal,dogs,1,19,male
03-01-06-01-02-01-20,fearful,normal,dogs,1,20,female
03-01-06-01-02-01-21,fearful,normal,dogs,1,21,male
03-01-06-01-02-01-22,fearful,normal,dogs,1,22,female
03-01-06-01-02-01-23,fearful,normal,dogs,1,23,male
03-01-06-01-02-01-24,fearful,normal,dogs,1,24,female
03-01-06-01-02-02-01,fearful,normal,dogs,2,1,male
03-01-06-01-02-02-02,fearful,normal,dogs,2,2,female
03-01-06-01-02-02-03,fearful,normal,dogs,2,3,male
03-01-06-01-02-02-06,fearful,normal,dogs,2,6,female
03-01-06-01-02-02-07,fearful,normal,dogs,2,7,male
03-01-06-01-02-02-08,fearful,normal,dogs,2,8,female
03-01-06-01-02-02-09,fearful,normal,dogs,2,9,male
03-01-06-01-02-02-10,fearful,normal,dogs,2,10,female
03-01-06-01-02-02-11,fearful,normal,dogs,2,11,male
03-01-06-01-02-02-12,fearful,normal,dogs,2,12,female
03-01-06-01-02-02-13,fearful,normal,dogs,2,13,male
03-01-06-01-02-02-14,fearful,normal,dogs,2,14,female
03-01-06-01-02-02-17,fearful,normal,dogs,2,17,male
03-01-06-01-02-02-18,fearful,normal,dogs,2,18,female
03-01-06-01-02-02-19,fearful,normal,dogs,2,19,male
03-01-06-01-02-02-20,fearful,normal,dogs,2,20,female
03-01-06-01-02-02-21,fearful,normal,dogs,2,21,male
03-01-06-01-02-02-22,fearful,normal,dogs,2,22,female
03-01-06-01-02-02-23,fearful,normal,dogs,2,23,male
03-01-06-01-02-02-24,fearful,normal,dogs,2,24,female
03-01-06-02-01-01-01,fearful,strong,kids,1,1,male
03-01-06-02-01-01-02,fearful,strong,kids,1,2,female
03-01-06-02-01-01-03,fearful,strong,kids,1,3,male
03-01-06-02-01-01-06,fearful,strong,kids,1,6,female
03-01-06-02-01-01-07,fearful,strong,kids,1,7,male
03-01-06-02-01-01-08,fearful,strong,kids,1,8,female
03-01-06-02-01-01-09,fearful,strong,kids,1,9,male
03-01-06-02-01-01-10,fearful,strong,kids,1,10,female
03-01-06-02-01-01-11,fearful,strong,kids,1,11,male
03-01-06-02-01-01-12,fearful,strong,kids,1,12,female
03-01-06-02-01-01-13,fearful,strong,kids,1,13,male
03-01-06-02-01-01-14,fearful,strong,kids,1,14,female
03-01-06-02-01-01-17,fearful,strong,kids,1,17,male
03-01-06-02-01-01-18,fearful,strong,kids,1,18,female
03-01-06-02-01-01-19,fearful,strong,kids,1,19,male
03-01-06-02-01-01-20,fearful,strong,kids,1,20,female
03-01-06-02-01-01-21,fearful,strong,kids,1,21,male
03-01-06-02-01-01-22,fearful,strong,kids,1,22,female
03-01-06-02-01-01-23,fearful,strong,kids,1,23,male
03-01-06-02-01-01-24,fearful,strong,kids,1,24,female
03-01-06-02-01-02-01,fearful,strong,kids,2,1,male
03-01-06-02-01-02-02,fearful,strong,kids,2,2,female
03-01-06-02-01-02-03,fearful,strong,kids,2,3,male
03-01-06-02-01-02-06,fearful,strong,kids,2,6,female
03-01-06-02-01-02-07,fearful,strong,kids,2,7,male
03-01-06-02-01-02-08,fearful,strong,kids,2,8,female
03-01-06-02-01-02-09,fearful,strong,kids,2,9,male
03-01-06-02-01-02-10,fearful,strong,kids,2,10,female
03-01-06-02-01-02-11,fearful,strong,kids,2,11,male
03-01-06-02-01-02-12,fearful,strong,kids,2,12,female
03-01-06-02-01-02-13,fearful,strong,kids,2,13,male
03-01-06-02-01-02-14,fearful,strong,kids,2,14,female
03-01-06-02-01-02-17,fearful,strong,kids,2,17,male
03-01-06-02-01-02-18,fearful,strong,kids,2,18,female
03-01-06-02-01-02-19,fearful,strong,kids,2,19,male
03-01-06-02-01-02-20,fearful,strong,kids,2,20,female
03-01-06-02-01-02-21,fearful,strong,kids,2,21,male
03-01-06-02-01-02-22,fearful,strong,kids,2,22,female
03-01-06-02-01-02-23,fearful,strong,kids,2,23,male
03-01-06-02-01-02-24,fearful,strong,kids,2,24,female
03-01-06-02-02-01-01,fearful,strong,dogs,1,1,male
03-01-06-02-02-01-02,fearful,strong,dogs,1,2,female
03-01-06-02-02-01-03,fearful,strong,dogs,1,3,male
03-01-06-02-02-01-06,fearful,strong,dogs,1,6,female
03-01-06-02-02-01-07,fearful,strong,dogs,1,7,male
03-01-06-02-02-01-08,fearful,strong,dogs,1,8,female
03-01-06-02-02-01-09,fearful,strong,dogs,1,9,male
03-01-06-02-02-01-10,fearful,strong,dogs,1,10,female
03-01-06-02-02-01-11,fearful,strong,dogs,1,11,male
03-01-06-02-02-01-12,fearful,strong,dogs,1,12,female
03-01-06-02-02-01-13,fearful,strong,dogs,1,13,male
03-01-06-02-02-01-14,fearful,strong,dogs,1,14,female
03-01-06-02-02-01-17,fearful,strong,dogs,1,17,male
03-01-06-02-02-01-18,fearful,strong,dogs,1,18,female
03-01-06-02-02-01-19,fearful,strong,dogs,1,19,male
03-01-06-02-02-01-20,fearful,strong,dogs,1,20,female
03-01-06-02-02-01-21,fearful,strong,dogs,1,21,male
03-01-06-02-02-01-22,fearful,strong,dogs,1,22,female
03-01-06-02-02-01-23,fearful,strong,dogs,1,23,male
03-01-06-02-02-01-24,fearful,strong,dogs,1,24,female
03-01-06-02-02-02-01,fearful,strong,dogs,2,1,male
03-01-06-02-02-02-02,fearful,strong,dogs,2,2,female
03-01-06-02-02-02-03,fearful,strong,dogs,2,3,male
03-01-06-02-02-02-06,fearful,strong,dogs,2,6,female
03-01-06-02-02-02-07,fearful,strong,dogs,2,7,male
03-01-06-02-02-02-08,fearful,strong,dogs,2,8,female
03-01-06-02-02-02-09,fearful,strong,dogs,2,9,male
03-01-06-02-02-02-10,fearful,strong,dogs,2,10,female
03-01-06-02-02-02-11,fearful,strong,dogs,2,11,male
03-01-06-02-02-02-12,fearful,strong,dogs,2,12,female
03-01-06-02-02-02-13,fearful,strong,dogs,2,13,male
03-01-06-02-02-02-14,fearful,strong,dogs,2,14,female
03-01-06-02-02-02-17,fearful,strong,dogs,2,17,male
03-01-06-02-02-02-18,fearful,strong,dogs,2,18,female
03-01-06-02-02-02-19,fearful,strong,dogs,2,19,male
03-01-06-02-02-02-20,fearful,strong,dogs,2,20,female
03-01-06-02-02-02-21,fearful,strong,dogs,2,21,male
03-01-06-02-02-02-22,fearful,strong,dogs,2,22,female
03-01-06-02-02-02-23,fearful,strong,dogs,2,23,male
03-01-06-02-02-02-24,fearful,strong,dogs,2,24,female
03-01-07-01-01-01-01,disgust,normal,kids,1,1,male
03-01-07-01-01-01-02,disgust,normal,kids,1,2,female
03-01-07-01-01-01-03,disgust,normal,kids,1,3,male
03-01-07-01-01-01-06,disgust,normal,kids,1,6,female
03-01-07-01-01-01-07,disgust,normal,kids,1,7,male
03-01-07-01-01-01-08,disgust,normal,kids,1,8,female
03-01-07-01-01-01-09,disgust,normal,kids,1,9,male
03-01-07-01-01-01-10,disgust,normal,kids,1,10,female
03-01-07-01-01-01-11,disgust,normal,kids,1,11,male
03-01-07-01-01-01-12,disgust,normal,kids,1,12,female
03-01-07-01-01-01-13,disgust,normal,kids,1,13,male
03-01-07-01-01-01-14,disgust,normal,kids,1,14,female
03-01-07-01-01-01-17,disgust,normal,kids,1,17,male
03-01-07-01-01-01-18,disgust,normal,kids,1,18,female
03-01-07-01-01-01-19,disgust,normal,kids,1,19,male
03-01-07-01-01-01-20,disgust,normal,kids,1,20,female
03-01-07-01-01-01-21,disgust,normal,kids,1,21,male
03-01-07-01-01-01-22,disgust,normal,kids,1,22,female
03-01-07-01-01-01-23,disgust,normal,kids,1,23,male
03-01-07-01-01-01-24,disgust,normal,kids,1,24,female
03-01-07-01-01-02-01,disgust,normal,kids,2,1,male
03-01-07-01-01-02-02,disgust,normal,kids,2,2,female
03-01-07-01-01-02-03,disgust,normal,kids,2,3,male
03-01-07-01-01-02-06,disgust,normal,kids,2,6,female
03-01-07-01-01-02-07,disgust,normal,kids,2,7,male
03-01-07-01-01-02-08,disgust,normal,kids,2,8,female
03-01-07-01-01-02-09,disgust,normal,kids,2,9,male
03-01-07-01-01-02-10,disgust,normal,kids,2,10,female
03-01-07-01-01-02-11,disgust,normal,kids,2,11,male
03-01-07-01-01-02-12,disgust,normal,kids,2,12,female
03-01-07-01-01-02-13,disgust,normal,kids,2,13,male
03-01-07-01-01-02-14,disgust,normal,kids,2,14,female
03-01-07-01-01-02-17,disgust,normal,kids,2,17,male
03-01-07-01-01-02-18,disgust,normal,kids,2,18,female
03-01-07-01-01-02-19,disgust,normal,kids,2,19,male
03-01-07-01-01-02-20,disgust,normal,kids,2,20,female
03-01-07-01-01-02-21,disgust,normal,kids,2,21,male
03-01-07-01-01-02-22,disgust,normal,kids,2,22,female
03-01-07-01-01-02-23,disgust,normal,kids,2,23,male
03-01-07-01-01-02-24,disgust,normal,kids,2,24,female
03-01-07-01-02-01-01,disgust,normal,dogs,1,1,male
03-01-07-01-02-01-02,disgust,normal,dogs,1,2,female
03-01-07-01-02-01-03,disgust,normal,dogs,1,3,male
03-01-07-01-02-01-06,disgust,normal,dogs,1,6,female
03-01-07-01-02-01-07,disgust,normal,dogs,1,7,male
03-01-07-01-02-01-08,disgust,normal,dogs,1,8,female
03-01-07-01-02-01-09,disgust,normal,dogs,1,9,male
03-01-07-01-02-01-10,disgust,normal,dogs,1,10,female
03-01-07-01-02-01-11,disgust,normal,dogs,1,11,male
03-01-07-01-02-01-12,disgust,normal,dogs,1,12,female
03-01-07-01-02-01-13,disgust,normal,dogs,1,13,male
03-01-07-01-02-01-14,disgust,normal,dogs,1,14,female
03-01-07-01-02-01-17,disgust,normal,dogs,1,17,male
03-01-07-01-02-01-18,disgust,normal,dogs,1,18,female
03-01-07-01-02-01-19,disgust,normal,dogs,1,19,male
03-01-07-01-02-01-20,disgust,normal,dogs,1,20,female
03-01-07-01-02-01-21,disgust,normal,dogs,1,21,male
03-01-07-01-02-01-22,disgust,normal,dogs,1,22,female
03-01-07-01-02-01-23,disgust,normal,dogs,1,23,male
03-01-07-01-02-01-24,disgust,normal,dogs,1,24,female
03-01-07-01-02-02-01,disgust,normal,dogs,2,1,male
03-01-07-01-02-02-02,disgust,normal,dogs,2,2,female
03-01-07-01-02-02-03,disgust,normal,dogs,2,3,male
03-01-07-01-02-02-06,disgust,normal,dogs,2,6,female
03-01-07-01-02-02-07,disgust,normal,dogs,2,7,male
03-01-07-01-02-02-08,disgust,normal,dogs,2,8,female
03-01-07-01-02-02-09,disgust,normal,dogs,2,9,male
03-01-07-01-02-02-10,disgust,normal,dogs,2,10,female
03-01-07-01-02-02-11,disgust,normal,dogs,2,11,male
03-01-07-01-02-02-12,disgust,normal,dogs,2,12,female
03-01-07-01-02-02-13,disgust,normal,dogs,2,13,male
03-01-07-01-02-02-14,disgust,normal,dogs,2,14,female
03-01-07-01-02-02-17,disgust,normal,dogs,2,17,male
03-01-07-01-02-02-18,disgust,normal,dogs,2,18,female
03-01-07-01-02-02-19,disgust,normal,dogs,2,19,male
03-01-07-01-02-02-20,disgust,normal,dogs,2,20,female
03-01-07-01-02-02-21,disgust,normal,dogs,2,21,male
03-01-07-01-02-02-22,disgust,normal,dogs,2,22,female
03-01-07-01-02-02-23,disgust,normal,dogs,2,23,male
03-01-07-01-02-02-24,disgust,normal,dogs,2,24,female
03-01-07-02-01-01-01,disgust,strong,kids,1,1,male
03-01-07-02-01-01-02,disgust,strong,kids,1,2,female
03-01-07-02-01-01-03,disgust,strong,kids,1,3,male
03-01-07-02-01-01-06,disgust,strong,kids,1,6,female
03-01-07-02-01-01-07,disgust,strong,kids,1,7,male
03-01-07-02-01-01-08,disgust,strong,kids,1,8,female
03-01-07-02-01-01-09,disgust,strong,kids,1,9,male
03-01-07-02-01-01-10,disgust,strong,kids,1,10,female
03-01-07-02-01-01-11,disgust,strong,kids,1,11,male
03-01-07-02-01-01-12,disgust,strong,kids,1,12,female
03-01-07-02-01-01-13,disgust,strong,kids,1,13,male
03-01-07-02-01-01-14,disgust,strong,kids,1,14,female
03-01-07-02-01-01-17,disgust,strong,kids,1,17,male
03-01-07-02-01-01-18,disgust,strong,kids,1,18,female
03-01-07-02-01-01-19,disgust,strong,kids,1,19,male
03-01-07-02-01-01-20,disgust,strong,kids,1,20,female
03-01-07-02-01-01-21,disgust,strong,kids,1,21,male
03-01-07-02-01-01-22,disgust,strong,kids,1,22,female
03-01-07-02-01-01-23,disgust,strong,kids,1,23,male
03-01-07-02-01-01-24,disgust,strong,kids,1,24,female
03-01-07-02-01-02-01,disgust,strong,kids,2,1,male
03-01-07-02-01-02-02,disgust,strong,kids,2,2,female
03-01-07-02-01-02-03,disgust,strong,kids,2,3,male
03-01-07-02-01-02-06,disgust,strong,kids,2,6,female
03-01-07-02-01-02-07,disgust,strong,kids,2,7,male
03-01-07-02-01-02-08,disgust,strong,kids,2,8,female
03-01-07-02-01-02-09,disgust,strong,kids,2,9,male
03-01-07-02-01-02-10,disgust,strong,kids,2,10,female
03-01-07-02-01-02-11,disgust,strong,kids,2,11,male
03-01-07-02-01-02-12,disgust,strong,kids,2,12,female
03-01-07-02-01-02-13,disgust,strong,kids,2,13,male
03-01-07-02-01-02-14,disgust,strong,kids,2,14,female
03-01-07-02-01-02-17,disgust,strong,kids,2,17,male
03-01-07-02-01-02-18,disgust,strong,kids,2,18,female
03-01-07-02-01-02-19,disgust,strong,kids,2,19,male
03-01-07-02-01-02-20,disgust,strong,kids,2,20,female
03-01-07-02-01-02-21,disgust,strong,kids,2,21,male
03-01-07-02-01-02-22,disgust,strong,kids,2,22,female
03-01-07-02-01-02-23,disgust,strong,kids,2,23,male
03-01-07-02-01-02-24,disgust,strong,kids,2,24,female
03-01-07-02-02-01-01,disgust,strong,dogs,1,1,male
03-01-07-02-02-01-02,disgust,strong,dogs,1,2,female
03-01-07-02-02-01-03,disgust,strong,dogs,1,3,male
03-01-07-02-02-01-06,disgust,strong,dogs,1,6,female
03-01-07-02-02-01-07,disgust,strong,dogs,1,7,male
03-01-07-02-02-01-08,disgust,strong,dogs,1,8,female
03-01-07-02-02-01-09,disgust,strong,dogs,1,9,male
03-01-07-02-02-01-10,disgust,strong,dogs,1,10,female
03-01-07-02-02-01-11,disgust,strong,dogs,1,11,male
03-01-07-02-02-01-12,disgust,strong,dogs,1,12,female
03-01-07-02-02-01-13,disgust,strong,dogs,1,13,male
03-01-07-02-02-01-14,disgust,strong,dogs,1,14,female
03-01-07-02-02-01-17,disgust,strong,dogs,1,17,male
03-01-07-02-02-01-18,disgust,strong,dogs,1,18,female
03-01-07-02-02-01-19,disgust,strong,dogs,1,19,male
03-01-07-02-02-01-20,disgust,strong,dogs,1,20,female
03-01-07-02-02-01-21,disgust,strong,dogs,1,21,male
03-01-07-02-02-01-22,disgust,strong,dogs,1,22,female
03-01-07-02-02-01-23,disgust,strong,dogs,1,23,male
03-01-07-02-02-01-24,disgust,strong,dogs,1,24,female
03-01-07-02-02-02-01,disgust,strong,dogs,2,1,male
03-01-07-02-02-02-02,disgust,strong,dogs,2,2,female
03-01-07-02-02-02-03,disgust,strong,dogs,2,3,male
03-01-07-02-02-02-06,disgust,strong,dogs,2,6,female
03-01-07-02-02-02-07,disgust,strong,dogs,2,7,male
03-01-07-02-02-02-08,disgust,strong,dogs,2,8,female
03-01-07-02-02-02-09,disgust,strong,dogs,2,9,male
03-01-07-02-02-02-10,disgust,strong,dogs,2,10,female
03-01-07-02-02-02-11,disgust,strong,dogs,2,11,male
03-01-07-02-02-02-12,disgust,strong,dogs,2,12,female
03-01-07-02-02-02-13,disgust,strong,dogs,2,13,male
03-01-07-02-02-02-14,disgust,strong,dogs,2,14,female
03-01-07-02-02-02-17,disgust,strong,dogs,2,17,male
03-01-07-02-02-02-18,disgust,strong,dogs,2,18,female
03-01-07-02-02-02-19,disgust,strong,dogs,2,19,male
03-01-07-02-02-02-20,disgust,strong,dogs,2,20,female
03-01-07-02-02-02-21,disgust,strong,dogs,2,21,male
03-01-07-02-02-02-22,disgust,strong,dogs,2,22,female
03-01-07-02-02-02-23,disgust,strong,dogs,2,23,male
03-01-07-02-02-02-24,disgust,strong,dogs,2,24,female
03-01-08-01-01-01-01,suprised,normal,kids,1,1,male
03-01-08-01-01-01-02,suprised,normal,kids,1,2,female
03-01-08-01-01-01-03,suprised,normal,kids,1,3,male
03-01-08-01-01-01-06,suprised,normal,kids,1,6,female
03-01-08-01-01-01-07,suprised,normal,kids,1,7,male
03-01-08-01-01-01-08,suprised,normal,kids,1,8,female
03-01-08-01-01-01-09,suprised,normal,kids,1,9,male
03-01-08-01-01-01-10,suprised,normal,kids,1,10,female
03-01-08-01-01-01-11,suprised,normal,kids,1,11,male
03-01-08-01-01-01-12,suprised,normal,kids,1,12,female
03-01-08-01-01-01-13,suprised,normal,kids,1,13,male
03-01-08-01-01-01-14,suprised,normal,kids,1,14,female
03-01-08-01-01-01-17,suprised,normal,kids,1,17,male
03-01-08-01-01-01-18,suprised,normal,kids,1,18,female
03-01-08-01-01-01-19,suprised,normal,kids,1,19,male
03-01-08-01-01-01-20,suprised,normal,kids,1,20,female
03-01-08-01-01-01-21,suprised,normal,kids,1,21,male
03-01-08-01-01-01-22,suprised,normal,kids,1,22,female
03-01-08-01-01-01-23,suprised,normal,kids,1,23,male
03-01-08-01-01-01-24,suprised,normal,kids,1,24,female
03-01-08-01-01-02-01,suprised,normal,kids,2,1,male
03-01-08-01-01-02-02,suprised,normal,kids,2,2,female
03-01-08-01-01-02-03,suprised,normal,kids,2,3,male
03-01-08-01-01-02-06,suprised,normal,kids,2,6,female
03-01-08-01-01-02-07,suprised,normal,kids,2,7,male
03-01-08-01-01-02-08,suprised,normal,kids,2,8,female
03-01-08-01-01-02-09,suprised,normal,kids,2,9,male
03-01-08-01-01-02-10,suprised,normal,kids,2,10,female
03-01-08-01-01-02-11,suprised,normal,kids,2,11,male
03-01-08-01-01-02-12,suprised,normal,kids,2,12,female
03-01-08-01-01-02-13,suprised,normal,kids,2,13,male
03-01-08-01-01-02-14,suprised,normal,kids,2,14,female
03-01-08-01-01-02-17,suprised,normal,kids,2,17,male
03-01-08-01-01-02-18,suprised,normal,kids,2,18,female
03-01-08-01-01-02-19,suprised,normal,kids,2,19,male
03-01-08-01-01-02-20,suprised,normal,kids,2,20,female
03-01-08-01-01-02-21,suprised,normal,kids,2,21,male
03-01-08-01-01-02-22,suprised,normal,kids,2,22,female
03-01-08-01-01-02-23,suprised,normal,kids,2,23,male
03-01-08-01-01-02-24,suprised,normal,kids,2,24,female
03-01-08-01-02-01-01,suprised,normal,dogs,1,1,male
03-01-08-01-02-01-02,suprised,normal,dogs,1,2,female
03-01-08-01-02-01-03,suprised,normal,dogs,1,3,male
03-01-08-01-02-01-06,suprised,normal,dogs,1,6,female
03-01-08-01-02-01-07,suprised,normal,dogs,1,7,male
03-01-08-01-02-01-08,suprised,normal,dogs,1,8,female
03-01-08-01-02-01-09,suprised,normal,dogs,1,9,male
03-01-08-01-02-01-10,suprised,normal,dogs,1,10,female
03-01-08-01-02-01-11,suprised,normal,dogs,1,11,male
03-01-08-01-02-01-12,suprised,normal,dogs,1,12,female
03-01-08-01-02-01-13,suprised,normal,dogs,1,13,male
03-01-08-01-02-01-14,suprised,normal,dogs,1,14,female
03-01-08-01-02-01-17,suprised,normal,dogs,1,17,male
03-01-08-01-02-01-18,suprised,normal,dogs,1,18,female
03-01-08-01-02-01-19,suprised,normal,dogs,1,19,male
03-01-08-01-02-01-20,suprised,normal,dogs,1,20,female
03-01-08-01-02-01-21,suprised,normal,dogs,1,21,male
03-01-08-01-02-01-22,suprised,normal,dogs,1,22,female
03-01-08-01-02-01-23,suprised,normal,dogs,1,23,male
03-01-08-01-02-01-24,suprised,normal,dogs,1,24,female
03-01-08-01-02-02-01,suprised,normal,dogs,2,1,male
03-01-08-01-02-02-02,suprised,normal,dogs,2,2,female
03-01-08-01-02-02-03,suprised,normal,dogs,2,3,male
03-01-08-01-02-02-06,suprised,normal,dogs,2,6,female
03-01-08-01-02-02-07,suprised,normal,dogs,2,7,male
03-01-08-01-02-02-08,suprised,normal,dogs,2,8,female
03-01-08-01-02-02-09,suprised,normal,dogs,2,9,male
03-01-08-01-02-02-10,suprised,normal,dogs,2,10,female
03-01-08-01-02-02-11,suprised,normal,dogs,2,11,male
03-01-08-01-02-02-12,suprised,normal,dogs,2,12,female
03-01-08-01-02-02-13,suprised,normal,dogs,2,13,male
03-01-08-01-02-02-14,suprised,normal,dogs,2,14,female
03-01-08-01-02-02-17,suprised,normal,dogs,2,17,male
03-01-08-01-02-02-18,suprised,normal,dogs,2,18,female
03-01-08-01-02-02-19,suprised,normal,dogs,2,19,male
03-01-08-01-02-02-20,suprised,normal,dogs,2,20,female
03-01-08-01-02-02-21,suprised,normal,dogs,2,21,male
03-01-08-01-02-02-22,suprised,normal,dogs,2,22,female
03-01-08-01-02-02-23,suprised,normal,dogs,2,23,male
03-01-08-01-02-02-24,suprised,normal,dogs,2,24,female
03-01-08-02-01-01-01,suprised,strong,kids,1,1,male
03-01-08-02-01-01-02,suprised,strong,kids,1,2,female
03-01-08-02-01-01-03,suprised,strong,kids,1,3,male
03-01-08-02-01-01-06,suprised,strong,kids,1,6,female
03-01-08-02-01-01-07,suprised,strong,kids,1,7,male
03-01-08-02-01-01-08,suprised,strong,kids,1,8,female
03-01-08-02-01-01-09,suprised,strong,kids,1,9,male
03-01-08-02-01-01-10,suprised,strong,kids,1,10,female
03-01-08-02-01-01-11,suprised,strong,kids,1,11,male
03-01-08-02-01-01-12,suprised,strong,kids,1,12,female
03-01-08-02-01-01-13,suprised,strong,kids,1,13,male
03-01-08-02-01-01-14,suprised,strong,kids,1,14,female
03-01-08-02-01-01-17,suprised,strong,kids,1,17,male
03-01-08-02-01-01-18,suprised,strong,kids,1,18,female
03-01-08-02-01-01-19,suprised,strong,kids,1,19,male
03-01-08-02-01-01-20,suprised,strong,kids,1,20,female
03-01-08-02-01-01-21,suprised,strong,kids,1,21,male
03-01-08-02-01-01-22,suprised,strong,kids,1,22,female
03-01-08-02-01-01-23,suprised,strong,kids,1,23,male
03-01-08-02-01-01-24,suprised,strong,kids,1,24,female
03-01-08-02-01-02-01,suprised,strong,kids,2,1,male
03-01-08-02-01-02-02,suprised,strong,kids,2,2,female
03-01-08-02-01-02-03,suprised,strong,kids,2,3,male
03-01-08-02-01-02-06,suprised,strong,kids,2,6,female
03-01-08-02-01-02-07,suprised,strong,kids,2,7,male
03-01-08-02-01-02-08,suprised,strong,kids,2,8,female
03-01-08-02-01-02-09,suprised,strong,kids,2,9,male
03-01-08-02-01-02-10,suprised,strong,kids,2,10,female
03-01-08-02-01-02-11,suprised,strong,kids,2,11,male
03-01-08-02-01-02-12,suprised,strong,kids,2,12,female
03-01-08-02-01-02-13,suprised,strong,kids,2,13,male
03-01-08-02-01-02-14,suprised,strong,kids,2,14,female
03-01-08-02-01-02-17,suprised,strong,kids,2,17,male
03-01-08-02-01-02-18,suprised,strong,kids,2,18,female
03-01-08-02-01-02-19,suprised,strong,kids,2,19,male
03-01-08-02-01-02-20,suprised,strong,kids,2,20,female
03-01-08-02-01-02-21,suprised,strong,kids,2,21,male
03-01-08-02-01-02-22,suprised,strong,kids,2,22,female
03-01-08-02-01-02-23,suprised,strong,kids,2,23,male
03-01-08-02-01-02-24,suprised,strong,kids,2,24,female
03-01-08-02-02-01-01,suprised,strong,dogs,1,1,male
03-01-08-02-02-01-02,suprised,strong,dogs,1,2,female
03-01-08-02-02-01-03,suprised,strong,dogs,1,3,male
03-01-08-02-02-01-06,suprised,strong,dogs,1,6,female
03-01-08-02-02-01-07,suprised,strong,dogs,1,7,male
03-01-08-02-02-01-08,suprised,strong,dogs,1,8,female
03-01-08-02-02-01-09,suprised,strong,dogs,1,9,male
03-01-08-02-02-01-10,suprised,strong,dogs,1,10,female
03-01-08-02-02-01-11,suprised,strong,dogs,1,11,male
03-01-08-02-02-01-12,suprised,strong,dogs,1,12,female
03-01-08-02-02-01-13,suprised,strong,dogs,1,13,male
03-01-08-02-02-01-14,suprised,strong,dogs,1,14,female
03-01-08-02-02-01-17,suprised,strong,dogs,1,17,male
03-01-08-02-02-01-18,suprised,strong,dogs,1,18,female
03-01-08-02-02-01-19,suprised,strong,dogs,1,19,male
03-01-08-02-02-01-20,suprised,strong,dogs,1,20,female
03-01-08-02-02-01-21,suprised,strong,dogs,1,21,male
03-01-08-02-02-01-22,suprised,strong,dogs,1,22,female
03-01-08-02-02-01-23,suprised,strong,dogs,1,23,male
03-01-08-02-02-01-24,suprised,strong,dogs,1,24,female
03-01-08-02-02-02-01,suprised,strong,dogs,2,1,male
03-01-08-02-02-02-02,suprised,strong,dogs,2,2,female
03-01-08-02-02-02-03,suprised,strong,dogs,2,3,male
03-01-08-02-02-02-06,suprised,strong,dogs,2,6,female
03-01-08-02-02-02-07,suprised,strong,dogs,2,7,male
03-01-08-02-02-02-08,suprised,strong,dogs,2,8,female
03-01-08-02-02-02-09,suprised,strong,dogs,2,9,male
03-01-08-02-02-02-10,suprised,strong,dogs,2,10,female
03-01-08-02-02-02-11,suprised,strong,dogs,2,11,male
03-01-08-02-02-02-12,suprised,strong,dogs,2,12,female
03-01-08-02-02-02-13,suprised,strong,dogs,2,13,male
03-01-08-02-02-02-14,suprised,strong,dogs,2,14,female
03-01-08-02-02-02-17,suprised,strong,dogs,2,17,male
03-01-08-02-02-02-18,suprised,strong,dogs,2,18,female
03-01-08-02-02-02-19,suprised,strong,dogs,2,19,male
03-01-08-02-02-02-20,suprised,strong,dogs,2,20,female
03-01-08-02-02-02-21,suprised,strong,dogs,2,21,male
03-01-08-02-02-02-22,suprised,strong,dogs,2,22,female
03-01-08-02-02-02-23,suprised,strong,dogs,2,23,male
03-01-08-02-02-02-24,suprised,strong,dogs,2,24,female
